user_id,username,email
680,donna11,olivia31@example.net
966,dmack,amandamccoy@example.org
290,schmidtjohn,paul49@example.net
699,schultzkaren,peterwelch@example.com
491,woodardryan,mooreshirley@example.com
718,jerry84,francisjerry@example.net
948,joann88,ellisemily@example.org
649,escobartoni,donnapadilla@example.org
849,xjohnston,chase63@example.com
913,randallduran,rcohen@example.org
632,donaldperez,walkercarlos@example.net
726,elizabethdavis,veronicacervantes@example.org
24,kanebruce,wskinner@example.org
303,bthomas,dalton64@example.com
991,ysims,millerdonald@example.org
448,andersonsean,matthewhanna@example.net
265,patricia27,turnerdavid@example.org
222,obrienheather,conwaychristine@example.org
17,zschmidt,cherylhenry@example.net
567,molly22,rebecca78@example.net
494,johnsonmelissa,watsonmichele@example.org
285,kimberly88,hornemily@example.org
489,stephen40,klinemark@example.net
422,bullockjason,daughertybrandon@example.com
119,jennifer40,ebowers@example.net
237,nielsenmarcus,wjones@example.net
596,keithmiranda,nathanjohnson@example.com
11,mreyes,amber03@example.org
553,patrickwilliams,torresmelissa@example.net
40,melissa16,murphypaul@example.org
607,christinesmith,ktaylor@example.com
694,uware,jeremy02@example.net
123,andrewjones,rodneymyers@example.com
451,ronald78,edwardlutz@example.net
903,allennoble,tiffany03@example.com
320,nicholssamuel,david60@example.com
823,anthony47,oduncan@example.net
81,hwilson,melaniemaldonado@example.net
827,lindagarcia,gilesapril@example.org
88,yangvalerie,jennifermyers@example.com
829,bayers,nchapman@example.com
403,jose18,hburns@example.net
637,albertbrown,maria41@example.com
976,georgecrosby,rjones@example.org
752,branchrebecca,tammy08@example.com
289,danielmorgan,xwillis@example.net
467,scottolivia,ginadennis@example.org
